{
  "items": [
    {
      "id": "powerbank10k",
      "title": "Powerbank 10 000 mAh",
      "desc": "Szybkie ładowanie, USB‑C, kompaktowy rozmiar.",
      "price": 129.0,
      "image": "https://images.unsplash.com/photo-1583225151627-7c8c6f0b8f6f?q=80&w=1200&auto=format&fit=crop",
      "paymentLink": "https://twoj-operator-platnosci.com/pay/powerbank10k"
    },
    {
      "id": "ladowarka30w",
      "title": "Ładowarka sieciowa 30W",
      "desc": "Szybkie ładowanie USB‑C do telefonu i tabletu.",
      "price": 89.0,
      "image": "https://images.unsplash.com/photo-1610792516859-05a4f668911a?q=80&w=1200&auto=format&fit=crop",
      "paymentLink": "https://twoj-operator-platnosci.com/pay/ladowarka30w"
    },
    {
      "id": "sluchawkiBT",
      "title": "Słuchawki bezprzewodowe BT",
      "desc": "Redukcja szumów, do 20 h pracy.",
      "price": 249.0,
      "image": "https://images.unsplash.com/photo-1517841905240-472988babdf9?q=80&w=1200&auto=format&fit=crop",
      "paymentLink": "https://twoj-operator-platnosci.com/pay/sluchawkiBT"
    },
    {
      "id": "lampkaLED",
      "title": "Lampka biurkowa LED",
      "desc": "Regulowana barwa światła, zasilanie USB.",
      "price": 119.0,
      "image": "https://images.unsplash.com/photo-1598300053382-24cf0c7d7b59?q=80&w=1200&auto=format&fit=crop",
      "paymentLink": "https://twoj-operator-platnosci.com/pay/lampkaLED"
    },
    {
      "id": "kabelUSBC2m",
      "title": "Przewód USB‑C 2 m",
      "desc": "Wytrzymały oplot, szybkie ładowanie i dane.",
      "price": 39.0,
      "image": "https://images.unsplash.com/photo-1588423771073-b8903fbb85b5?q=80&w=1200&auto=format&fit=crop",
      "paymentLink": "https://twoj-operator-platnosci.com/pay/kabelUSBC2m"
    }
  ]
}