{
  "items": [
    {
      "id": "gadget01",
      "title": "Powerbank 10 000 mAh",
      "desc": "Kompaktowy powerbank z szybkim ładowaniem i portem USB-C.",
      "price": 129.0,
      "image": "images/uploads/powerbank.jpg",
      "paymentLink": "#"
    },
    {
      "id": "charger01",
      "title": "Ładowarka sieciowa 30W",
      "desc": "Szybka ładowarka USB-C do smartfonów i tabletów.",
      "price": 89.0,
      "image": "images/uploads/charger.jpg",
      "paymentLink": "#"
    }
  ]
}